{
  "prompt_v1_scores": {
    "faithfulness": 0.9568008658008657,
    "answer_relevancy": 0.9109847016546544,
    "context_recall": 1.0,
    "context_precision": 0.9799999999195
  },
  "prompt_v2_scores": {
    "faithfulness": 0.9262556887556889,
    "answer_relevancy": 0.8871816772035426,
    "context_recall": 1.0,
    "context_precision": 0.983333333252
  },
  "target_met": true
}